Region:,Provincia:,Comuna:
Arica y Parinacota,Arica,Arica
Arica y Parinacota,Arica,Camarones
Arica y Parinacota,Parinacota,General Lagos
Arica y Parinacota,Parinacota,Putre
Tarapacá,Iquique,Alto Hospicio
Tarapacá,Iquique,Iquique
Tarapacá,El Tamarugal,Camiña
Tarapacá,El Tamarugal,Colchane
Tarapacá,El Tamarugal,Huara
Tarapacá,El Tamarugal,Pica
Tarapacá,El Tamarugal,Pozo Almonte
Antofagasta,Antofagasta,Antofagasta
Antofagasta,Antofagasta,Mejillones
Antofagasta,Antofagasta,Sierra Gorda
Antofagasta,Antofagasta,Taltal
Antofagasta,El Loa,Calama
Antofagasta,El Loa,Ollague
Antofagasta,El Loa,San Pedro de Atacama
Antofagasta,Tocopilla,María Elena
Antofagasta,Tocopilla,Tocopilla
Atacama,Chañaral,Chañaral
Atacama,Chañaral,Diego de Almagro
Atacama,Copiapó,Caldera
Atacama,Copiapó,Copiapó
Atacama,Copiapó,Tierra Amarilla
Atacama,Huasco,Alto del Carmen
Atacama,Huasco,Freirina
Atacama,Huasco,Huasco
Atacama,Huasco,Vallenar
Coquimbo,Choapa,Canela
Coquimbo,Choapa,Illapel
Coquimbo,Choapa,Los Vilos
Coquimbo,Choapa,Salamanca
Coquimbo,Elqui,Andacollo
Coquimbo,Elqui,Coquimbo
Coquimbo,Elqui,La Higuera
Coquimbo,Elqui,La Serena
Coquimbo,Elqui,Paihuaco
Coquimbo,Elqui,Vicuña
Coquimbo,Limarí,Combarbalá
Coquimbo,Limarí,Monte Patria
Coquimbo,Limarí,Ovalle
Coquimbo,Limarí,Punitaqui
Coquimbo,Limarí,Río Hurtado
Valparaiso,Isla de Pascua,Isla de Pascua
Valparaiso,Los Andes,Calle Larga
Valparaiso,Los Andes,Los Andes
Valparaiso,Los Andes,Rinconada
Valparaiso,Los Andes,San Esteban
Valparaiso,Petorca,La Ligua
Valparaiso,Petorca,Papudo
Valparaiso,Petorca,Petorca
Valparaiso,Petorca,Zapallar
Valparaiso,Quillota,Hijuelas
Valparaiso,Quillota,La Calera
Valparaiso,Quillota,La Cruz
Valparaiso,Quillota,Limache
Valparaiso,Quillota,Nogales
Valparaiso,Quillota,Olmué
Valparaiso,Quillota,Quillota
Valparaiso,San Antonio,Algarrobo
Valparaiso,San Antonio,Cartagena
Valparaiso,San Antonio,El Quisco
Valparaiso,San Antonio,El Tabo
Valparaiso,San Antonio,San Antonio
Valparaiso,San Antonio,Santo Domingo
Valparaiso,San Felipe de Aconcagua,Catemu
Valparaiso,San Felipe de Aconcagua,Llaillay
Valparaiso,San Felipe de Aconcagua,Panquehue
Valparaiso,San Felipe de Aconcagua,Putaendo
Valparaiso,San Felipe de Aconcagua,San Felipe
Valparaiso,San Felipe de Aconcagua,Santa María
Valparaiso,Valparaiso,Casablanca
Valparaiso,Valparaiso,Concón
Valparaiso,Valparaiso,Juan Fernández
Valparaiso,Valparaiso,Puchuncaví
Valparaiso,Valparaiso,Quilpué
Valparaiso,Valparaiso,Quintero
Valparaiso,Valparaiso,Valparaíso
Valparaiso,Valparaiso,Villa Alemana
Valparaiso,Valparaiso,Viña del Mar
Metropolitana de Santiago,Chacabuco,Colina
Metropolitana de Santiago,Chacabuco,Lampa
Metropolitana de Santiago,Chacabuco,Tiltil
Metropolitana de Santiago,Cordillera,Pirque
Metropolitana de Santiago,Cordillera,Puente Alto
Metropolitana de Santiago,Cordillera,San José de Maipo
Metropolitana de Santiago,Maipo,Buin
Metropolitana de Santiago,Maipo,Calera de Tango
Metropolitana de Santiago,Maipo,Paine
Metropolitana de Santiago,Maipo,San Bernardo
Metropolitana de Santiago,Melipilla,Alhué
Metropolitana de Santiago,Melipilla,Curacaví
Metropolitana de Santiago,Melipilla,María Pinto
Metropolitana de Santiago,Melipilla,Melipilla
Metropolitana de Santiago,Melipilla,San Pedro
Metropolitana de Santiago,Santiago,Cerrillos
Metropolitana de Santiago,Santiago,Cerro Navia
Metropolitana de Santiago,Santiago,Conchalí
Metropolitana de Santiago,Santiago,El Bosque
Metropolitana de Santiago,Santiago,Estación Central
Metropolitana de Santiago,Santiago,Huechuraba
Metropolitana de Santiago,Santiago,Independencia
Metropolitana de Santiago,Santiago,La Cisterna
Metropolitana de Santiago,Santiago,La Granja
Metropolitana de Santiago,Santiago,La Florida
Metropolitana de Santiago,Santiago,La Pintana
Metropolitana de Santiago,Santiago,La Reina
Metropolitana de Santiago,Santiago,Las Condes
Metropolitana de Santiago,Santiago,Lo Barnechea
Metropolitana de Santiago,Santiago,Lo Espejo
Metropolitana de Santiago,Santiago,Lo Prado
Metropolitana de Santiago,Santiago,Macul
Metropolitana de Santiago,Santiago,Maipú
Metropolitana de Santiago,Santiago,Ñuñoa
Metropolitana de Santiago,Santiago,Pedro Aguirre Cerda
Metropolitana de Santiago,Santiago,Peñalolén
Metropolitana de Santiago,Santiago,Providencia
Metropolitana de Santiago,Santiago,Pudahuel
Metropolitana de Santiago,Santiago,Quilicura
Metropolitana de Santiago,Santiago,Quinta Normal
Metropolitana de Santiago,Santiago,Recoleta
Metropolitana de Santiago,Santiago,Renca
Metropolitana de Santiago,Santiago,San Miguel
Metropolitana de Santiago,Santiago,San Joaquín
Metropolitana de Santiago,Santiago,San Ramón
Metropolitana de Santiago,Santiago,Santiago
Metropolitana de Santiago,Santiago,Vitacura
Metropolitana de Santiago,Talagante,El Monte
Metropolitana de Santiago,Talagante,Isla de Maipo
Metropolitana de Santiago,Talagante,Padre Hurtado
Metropolitana de Santiago,Talagante,Peñaflor
Metropolitana de Santiago,Talagante,Talagante
Libertador General Bernardo O\Higgins,Cachapoal,Codegua
Libertador General Bernardo O\Higgins,Cachapoal,Coínco
Libertador General Bernardo O\Higgins,Cachapoal,Coltauco
Libertador General Bernardo O\Higgins,Cachapoal,Doñihue
Libertador General Bernardo O\Higgins,Cachapoal,Graneros
Libertador General Bernardo O\Higgins,Cachapoal,Las Cabras
Libertador General Bernardo O\Higgins,Cachapoal,Machalí
Libertador General Bernardo O\Higgins,Cachapoal,Malloa
Libertador General Bernardo O\Higgins,Cachapoal,Mostazal
Libertador General Bernardo O\Higgins,Cachapoal,Olivar
Libertador General Bernardo O\Higgins,Cachapoal,Peumo
Libertador General Bernardo O\Higgins,Cachapoal,Pichidegua
Libertador General Bernardo O\Higgins,Cachapoal,Quinta de Tilcoco
Libertador General Bernardo O\Higgins,Cachapoal,Rancagua
Libertador General Bernardo O\Higgins,Cachapoal,Rengo
Libertador General Bernardo O\Higgins,Cachapoal,Requínoa
Libertador General Bernardo O\Higgins,Cachapoal,San Vicente de Tagua Tagua
Libertador General Bernardo O\Higgins,Cardenal Caro,La Estrella
Libertador General Bernardo O\Higgins,Cardenal Caro,Litueche
Libertador General Bernardo O\Higgins,Cardenal Caro,Marchihue
Libertador General Bernardo O\Higgins,Cardenal Caro,Navidad
Libertador General Bernardo O\Higgins,Cardenal Caro,Peredones
Libertador General Bernardo O\Higgins,Cardenal Caro,Pichilemu
Libertador General Bernardo O\Higgins,Colchagua,Chépica
Libertador General Bernardo O\Higgins,Colchagua,Chimbarongo
Libertador General Bernardo O\Higgins,Colchagua,Lolol
Libertador General Bernardo O\Higgins,Colchagua,Nancagua
Libertador General Bernardo O\Higgins,Colchagua,Palmilla
Libertador General Bernardo O\Higgins,Colchagua,Peralillo
Libertador General Bernardo O\Higgins,Colchagua,Placilla
Libertador General Bernardo O\Higgins,Colchagua,Pumanque
Libertador General Bernardo O\Higgins,Colchagua,San Fernando
Libertador General Bernardo O\Higgins,Colchagua,Santa Cruz
Maule,Cauquenes,Cauquenes
Maule,Cauquenes,Chanco
Maule,Cauquenes,Pelluhue
Maule,Curicó,Curicó
Maule,Curicó,Hualañé
Maule,Curicó,Licantén
Maule,Curicó,Molina
Maule,Curicó,Rauco
Maule,Curicó,Romeral
Maule,Curicó,Sagrada Familia
Maule,Curicó,Teno
Maule,Curicó,Vichuquén
Maule,Linares,Colbún
Maule,Linares,Linares
Maule,Linares,Longaví
Maule,Linares,Parral
Maule,Linares,Retiro
Maule,Linares,San Javier
Maule,Linares,Villa Alegre
Maule,Linares,Yerbas Buenas
Maule,Talca,Constitución
Maule,Talca,Curepto
Maule,Talca,Empedrado
Maule,Talca,Maule
Maule,Talca,Pelarco
Maule,Talca,Pencahue
Maule,Talca,Río Claro
Maule,Talca,San Clemente
Maule,Talca,San Rafael
Maule,Talca,Talca
Biobío,Arauco,Arauco
Biobío,Arauco,Cañete
Biobío,Arauco,Contulmo
Biobío,Arauco,Curanilahue
Biobío,Arauco,Lebu
Biobío,Arauco,Los Álamos
Biobío,Arauco,Tirúa
Biobío,Bio Bío,Alto Biobío
Biobío,Bio Bío,Antuco
Biobío,Bio Bío,Cabrero
Biobío,Bio Bío,Laja
Biobío,Bio Bío,Los Ángeles
Biobío,Bio Bío,Mulchén
Biobío,Bio Bío,Nacimiento
Biobío,Bio Bío,Negrete
Biobío,Bio Bío,Quilaco
Biobío,Bio Bío,Quilleco
Biobío,Bio Bío,San Rosendo
Biobío,Bio Bío,Santa Bárbara
Biobío,Bio Bío,Tucapel
Biobío,Bio Bío,Yumbel
Biobío,Concepción,Chiguayante
Biobío,Concepción,Concepción
Biobío,Concepción,Coronel
Biobío,Concepción,Florida
Biobío,Concepción,Hualpén
Biobío,Concepción,Hualqui
Biobío,Concepción,Lota
Biobío,Concepción,Penco
Biobío,Concepción,San Pedro de La Paz
Biobío,Concepción,Santa Juana
Biobío,Concepción,Talcahuano
Biobío,Concepción,Tomé
Biobío,Ñuble,Bulnes
Biobío,Ñuble,Chillán
Biobío,Ñuble,Chillán Viejo
Biobío,Ñuble,Cobquecura
Biobío,Ñuble,Coelemu
Biobío,Ñuble,Coihueco
Biobío,Ñuble,El Carmen
Biobío,Ñuble,Ninhue
Biobío,Ñuble,Ñiquen
Biobío,Ñuble,Pemuco
Biobío,Ñuble,Pinto
Biobío,Ñuble,Portezuelo
Biobío,Ñuble,Quillón
Biobío,Ñuble,Quirihue
Biobío,Ñuble,Ránquil
Biobío,Ñuble,San Carlos
Biobío,Ñuble,San Fabián
Biobío,Ñuble,San Ignacio
Biobío,Ñuble,San Nicolás
Biobío,Ñuble,Treguaco
Biobío,Ñuble,Yungay
La Araucanía,Cautín,Carahue
La Araucanía,Cautín,Cholchol
La Araucanía,Cautín,Cunco
La Araucanía,Cautín,Curarrehue
La Araucanía,Cautín,Freire
La Araucanía,Cautín,Galvarino
La Araucanía,Cautín,Gorbea
La Araucanía,Cautín,Lautaro
La Araucanía,Cautín,Loncoche
La Araucanía,Cautín,Melipeuco
La Araucanía,Cautín,Nueva Imperial
La Araucanía,Cautín,Padre Las Casas
La Araucanía,Cautín,Perquenco
La Araucanía,Cautín,Pitrufquén
La Araucanía,Cautín,Pucón
La Araucanía,Cautín,Saavedra
La Araucanía,Cautín,Temuco
La Araucanía,Cautín,Teodoro Schmidt
La Araucanía,Cautín,Toltén
La Araucanía,Cautín,Vilcún
La Araucanía,Cautín,Villarrica
La Araucanía,Malleco,Angol
La Araucanía,Malleco,Collipulli
La Araucanía,Malleco,Curacautín
La Araucanía,Malleco,Ercilla
La Araucanía,Malleco,Lonquimay
La Araucanía,Malleco,Los Sauces
La Araucanía,Malleco,Lumaco
La Araucanía,Malleco,Purén
La Araucanía,Malleco,Renaico
La Araucanía,Malleco,Traiguén
La Araucanía,Malleco,Victoria
Los Ríos,Valdivia,Corral
Los Ríos,Valdivia,Lanco
Los Ríos,Valdivia,Los Lagos
Los Ríos,Valdivia,Máfil
Los Ríos,Valdivia,Mariquina
Los Ríos,Valdivia,Paillaco
Los Ríos,Valdivia,Panguipulli
Los Ríos,Valdivia,Valdivia
Los Ríos,Ranco,Futrono
Los Ríos,Ranco,La Unión
Los Ríos,Ranco,Lago Ranco
Los Ríos,Ranco,Río Bueno
Los Lagos,Chiloé,Ancud
Los Lagos,Chiloé,Castro
Los Lagos,Chiloé,Chonchi
Los Lagos,Chiloé,Curaco de Vélez
Los Lagos,Chiloé,Dalcahue
Los Lagos,Chiloé,Puqueldón
Los Lagos,Chiloé,Queilén
Los Lagos,Chiloé,Quemchi
Los Lagos,Chiloé,Quellón
Los Lagos,Chiloé,Quinchao
Los Lagos,Llanquihue,Calbuco
Los Lagos,Llanquihue,Cochamó
Los Lagos,Llanquihue,Fresia
Los Lagos,Llanquihue,Frutillar
Los Lagos,Llanquihue,Llanquihue
Los Lagos,Llanquihue,Los Muermos
Los Lagos,Llanquihue,Maullín
Los Lagos,Llanquihue,Puerto Montt
Los Lagos,Llanquihue,Puerto Varas
Los Lagos,Osorno,Osorno
Los Lagos,Osorno,Puero Octay
Los Lagos,Osorno,Purranque
Los Lagos,Osorno,Puyehue
Los Lagos,Osorno,Río Negro
Los Lagos,Osorno,San Juan de la Costa
Los Lagos,Osorno,San Pablo
Los Lagos,Palena,Chaitén
Los Lagos,Palena,Futaleufú
Los Lagos,Palena,Hualaihué
Los Lagos,Palena,Palena
Aisén del General Carlos Ibáñez del Campo,Aisén,Aisén
Aisén del General Carlos Ibáñez del Campo,Aisén,Cisnes
Aisén del General Carlos Ibáñez del Campo,Aisén,Guaitecas
Aisén del General Carlos Ibáñez del Campo,Capitán Prat,Cochrane
Aisén del General Carlos Ibáñez del Campo,Capitán Prat,O\higgins
Aisén del General Carlos Ibáñez del Campo,Capitán Prat,Tortel
Aisén del General Carlos Ibáñez del Campo,Coihaique,Coihaique
Aisén del General Carlos Ibáñez del Campo,Coihaique,Lago Verde
Aisén del General Carlos Ibáñez del Campo,General Carrera,Chile Chico
Aisén del General Carlos Ibáñez del Campo,General Carrera,Río Ibáñez
Magallanes y de la Antártica Chilena,Antártica Chilena,Antártica
Magallanes y de la Antártica Chilena,Antártica Chilena,Cabo de Hornos
Magallanes y de la Antártica Chilena,Magallanes,Laguna Blanca
Magallanes y de la Antártica Chilena,Magallanes,Punta Arenas
Magallanes y de la Antártica Chilena,Magallanes,Río Verde
Magallanes y de la Antártica Chilena,Magallanes,San Gregorio
Magallanes y de la Antártica Chilena,Tierra del Fuego,Porvenir
Magallanes y de la Antártica Chilena,Tierra del Fuego,Primavera
Magallanes y de la Antártica Chilena,Tierra del Fuego,Timaukel
Magallanes y de la Antártica Chilena,Última Esperanza,Natales
Magallanes y de la Antártica Chilena,Última Esperanza,Torres del Paine
